Actual,XGBoost_Predictions,RandomForest_Predictions,Ensemble_Predictions
3.5,3.4,3.5,3.45
2.8,2.8,2.7,2.75
4.1,4.1,4.2,4.15
3.7,3.7,3.6,3.6500000000000004
5.0,5.0,5.0,5.0
4.8,4.8,4.9,4.85
2.9,2.9,2.8,2.8499999999999996
3.2,3.2,3.3,3.25
